hubID,name,address,open,close,longitude,latitude
1,DC_3232,"974 Shannon Street Apt. 785 West Colin, TN 44269",7:00:00,18:00:00,106.911021,-6.435431
2,DC_5432,"895 Robert Shoal
New Bridgetmouth, OK 40310",7:00:00,18:00:00,107.03369,-6.348119
3,DC_4433,"57468 Merritt Valleys Apt. 981
Matthewhaven, AK 07942",7:00:00,18:00:00,107.021143,-6.413245
9,DC_3232,"23209 Kenneth Crossroad
Tristanchester, HI 80457",7:00:00,18:00:00,106.983427,-6.30601
17,DC_5432,"6056 Martin Station Suite 484
New Jacobmouth, IL 84396",7:00:00,18:00:00,106.997798,-6.476022
16,DC_4433,"5687 Kristen Haven
South Beverly, AZ 22678",7:00:00,18:00:00,106.961071,-6.288652
11,DC_3232,"4787 Isaiah Harbor Suite 671
Jennifershire, OR 22144",7:00:00,18:00:00,106.955058,-6.296503
4,DC_5432,"99075 Molina Knolls Suite 113
Russelltown, CT 34420",7:00:00,18:00:00,107.091185,-6.428435
5,DC_4433,"94650 Hughes Plains
Perkinsmouth, AZ 19210",7:00:00,18:00:00,107.086717,-6.332404
6,DC_3232,"8452 Whitney Burg
New Danielbury, MO 67158",7:00:00,18:00:00,106.954772,-6.465975
7,DC_5432,"3242 Ralph Drives
West Emily, AZ 08389",7:00:00,18:00:00,107.082381,-6.337872
8,DC_4433,"3675 Fowler Falls
Kellerborough, OH 56653",7:00:00,18:00:00,106.999314,-6.476283
10,DC_3232,"USNS Burke
FPO AA 50213",7:00:00,18:00:00,106.882621,-6.291384
12,DC_5432,"7642 Gonzalez Spurs
Carrollbury, MA 15179",7:00:00,18:00:00,106.960392,-6.37262
13,DC_4433,"USNV Watson
FPO AP 89231",7:00:00,18:00:00,106.896677,-6.481684
14,DC_3232,"141 Chelsea Wall Apt. 130
East Bob, VT 01670",7:00:00,18:00:00,107.000502,-6.454066
15,DC_5432,"85538 Hall Rest Suite 729
North Jeremytown, CA 27175",7:00:00,18:00:00,107.08644,-6.463871
18,DC_4433,"3683 Jason Meadows Apt. 303
Fischerton, HI 24915",7:00:00,18:00:00,106.930689,-6.407982
19,DC_3232,"086 Moon Pass Suite 978
Ryanside, ID 52930",7:00:00,18:00:00,106.884645,-6.506457
20,DC_5432,"PSC 0013, Box 8622
APO AP 08272",7:00:00,18:00:00,106.923261,-6.41846
21,DC_4433,"57337 Bell Pass Apt. 958
Sharonport, WI 97102",7:00:00,18:00:00,106.875092,-6.341853
22,DC_3232,"USNS Wright
FPO AA 08090",7:00:00,18:00:00,107.056395,-6.458642
23,DC_5432,"6318 Brandt Lock
Angelachester, DE 37513",7:00:00,18:00:00,107.012397,-6.349742
24,DC_4433,"066 Cindy Bridge
Lake Julieport, ME 17136",7:00:00,18:00:00,106.869509,-6.413116
25,DC_3232,"PSC 5788, Box 3841
APO AA 62824",7:00:00,18:00:00,107.093605,-6.453679
26,DC_5432,"028 Charles Meadow Apt. 710
Hernandezmouth, OR 45975",7:00:00,18:00:00,107.002721,-6.452976
27,DC_4433,"066 Wright Divide
East Sarahchester, ID 06746",7:00:00,18:00:00,106.979003,-6.293394
28,DC_3232,"USNS Simon
FPO AA 16267",7:00:00,18:00:00,106.959406,-6.405976
29,DC_5432,"865 Romero Falls Apt. 267
North Donnaborough, MA 28282",7:00:00,18:00:00,107.090723,-6.290043
30,DC_4433,"448 Michael Lake Suite 245
East Garyville, UT 05963",7:00:00,18:00:00,106.91292,-6.389514
31,DC_3232,"09190 Saunders Mill Apt. 792
Sheltonfurt, CO 96178",7:00:00,18:00:00,106.949891,-6.474789
32,DC_5432,"8847 Jessica Spring
North Jackshire, TX 63497",7:00:00,18:00:00,106.968268,-6.508988
33,DC_4433,"USNS Perkins
FPO AE 66741",7:00:00,18:00:00,106.950611,-6.477685
34,DC_3232,"486 Davis Valleys Suite 064
Pittmanchester, NJ 83351",7:00:00,18:00:00,107.058229,-6.358368
35,DC_5432,"779 Nolan Lodge Suite 061
Lake Kristine, GA 54749",7:00:00,18:00:00,106.929888,-6.513904
36,DC_4433,"4897 Carpenter Stravenue
East Timothy, MN 78655",7:00:00,18:00:00,106.903959,-6.322638
37,DC_3232,"9887 Chelsey Road
Martineztown, TN 74086",7:00:00,18:00:00,107.052584,-6.425163
38,DC_5432,"755 Perez Underpass Apt. 935
Lake Scottberg, AK 14040",7:00:00,18:00:00,106.985583,-6.433199
39,DC_4433,"23518 James Path
North Scottville, TX 15237",7:00:00,18:00:00,107.074491,-6.310976
40,DC_3232,"669 Kathy Parkways Suite 695
Hernandezbury, VT 01316",7:00:00,18:00:00,106.911058,-6.444767
41,DC_5432,"473 Adams Crescent
Port Ronald, ND 93689",7:00:00,18:00:00,106.97128,-6.351455
42,DC_4433,"USCGC Horton
FPO AE 46938",7:00:00,18:00:00,106.992172,-6.512605
43,DC_3232,"16667 Jessica Crossroad
Stewartside, VA 60422",7:00:00,18:00:00,107.037607,-6.306509
44,DC_5432,"52020 Johnson Island Apt. 086
Francisberg, AZ 91223",7:00:00,18:00:00,106.939484,-6.359189
45,DC_4433,"5103 Smith Creek Apt. 787
Port James, DE 01167",7:00:00,18:00:00,107.082193,-6.422288
46,DC_3232,"9434 Natasha Mountain
East Jasonmouth, TX 64410",7:00:00,18:00:00,106.969033,-6.381003
47,DC_5432,"2878 Jonathan River Suite 807
New Christina, WY 83662",7:00:00,18:00:00,107.027821,-6.364516
48,DC_4433,"86388 Barnes Camp
Kimberlyfort, GA 19077",7:00:00,18:00:00,106.899952,-6.415612
49,DC_3232,"Unit 6057 Box 6395
DPO AA 03435",7:00:00,18:00:00,107.080488,-6.310221
